{
    "Accuracy": 0.8048261178140526,
    "Precision": 0.6561514195583596,
    "Recall": 0.5561497326203209,
    "F1 Score": 0.6020260492040521,
    "ROC AUC": 0.842235655790643
}